id;company_name;year_founded;website
1;Wisconsin Facilitator Incredible;30569;fuchsia eco-centric
2;Pants Maryland;93615;UIC-Franc Arkansas Intelligent
3;Zambian Kwacha intuitive;25416;system-worthy portal
4;Belize Dollar Sudanese Pound real-time;29359;redundant
5;Synergistic Personal Loan Account Sleek;518;Auto Loan Account olive
6;Yen;79579;Human
7;Tools California;43847;Argentine Peso implementation
8;Wallis and Futuna;28654;Utah Computers Small Fresh Gloves
9;Brunei Darussalam interface;82786;composite Orchestrator Club
10;Intelligent Granite Shirt Peru deposit;72609;Strategist
