id;address_type;address_1;address_2;address_3;postal_code;phone;mobile_phone;email;fax
1;p;Frozen;port target Ball;Fresh Credit Card Account Gorgeous Soft Shirt;Small;570.725.7805;Alley end-to-end Mobility;Emil82@gmail.com;Concrete Texas
2;l;functionalities seize;Technician Ergonomic Australian Dollar;Maryland Web;feed ;1-861-927-1967 x9221;bluetooth invoice;Belle_Herzog@gmail.com;Cambridgeshire vortals
3;I;clicks-and-mortar Refined Soft Mouse architectures;applications program reintermediate;Row THX indigo;quant;1-617-739-6036 x74158;5th generation;Manuela.Beer78@yahoo.com;Estonia Refined
4;C;bandwidth;web-readiness Buckinghamshire monetize;Investor 24/7;Trail;(734) 727-2519 x8150;navigate;Fredy26@hotmail.com;Garden encompassing
5;f;Toys monitoring;Virgin Islands, British IB;Toys Internal multi-byte;high-;(072) 926-4470 x46059;Integration haptic Technician;Luisa.Windler@yahoo.com;sticky Re-contextualized orchi
6;I;virtual Indiana Frozen;New Zealand Regional Chicken;scalable collaborative;B2B s;(760) 619-0462;Rustic Cotton Sausages interne;Deangelo_Herman@hotmail.com;Brand Money Market Account Dat
7;O;Florida;Manors cyan Handcrafted Fresh Keyboard;Consultant Swaziland enhance;Resea;494.799.5522 x44951;orchid;Willard82@gmail.com;circuit collaborative Codes sp
8;U;orchestrate RSS synthesize;Enterprise-wide;Prairie back-end;Rhode;807-339-5286;gold;Chase_Stamm@gmail.com;Gorgeous communities Tools
9;D;bottom-line recontextualize Principal;Avon Buckinghamshire Berkshire;evolve back up;Tasty;235.534.6829 x18991;Cambridgeshire;Newell3@gmail.com;Keyboard SMTP context-sensitiv
10;i;Bedfordshire program;Plastic;Human Configuration;strat;(452) 252-1235 x80260;Incredible Frozen Salad Berksh;Aurore_Schroeder4@yahoo.com;feed
