id;created_by;created_date;expired_date;member_email;phone_number;proc_type;token_text;token;retry_count;retry_max;request_data;request_data_content_type
1;4522;2019-10-14T05:14:28;2019-10-14T20:30:04;scale interactive generating;Specialist Home Loan Account;27599;scalable;Small;98688;42340;../fake-data/blob/hipster.png;image/png
2;77224;2019-10-14T18:49:55;2019-10-14T23:32:24;Books;magenta monitor 1080p;60595;Identity;Frozen IB;62329;44945;../fake-data/blob/hipster.png;image/png
3;33089;2019-10-15T02:01:09;2019-10-15T02:47:01;moratorium moratorium;New York tangible Mississippi;38292;Developer;synthesize Idaho compress;49379;4043;../fake-data/blob/hipster.png;image/png
4;52273;2019-10-14T11:15:12;2019-10-14T18:02:53;Grocery;red;89576;Harbor Montana;Corporate Phased relationships;75555;20306;../fake-data/blob/hipster.png;image/png
5;22879;2019-10-14T05:40:51;2019-10-15T02:27:41;neutral Salad;Auto Loan Account modular Refined;45653;mint green e-business EXE;back-end;89609;35629;../fake-data/blob/hipster.png;image/png
6;31800;2019-10-14T06:32:43;2019-10-15T01:40:04;Profit-focused;Jewelery cutting-edge;30478;Hat;supply-chains magenta;11986;26941;../fake-data/blob/hipster.png;image/png
7;33761;2019-10-14T22:27:00;2019-10-14T05:40:46;conglomeration;Oklahoma facilitate;6489;Versatile Exclusive Moroccan Dirham;capability zero tolerance Computers;60956;97661;../fake-data/blob/hipster.png;image/png
8;50267;2019-10-14T18:26:39;2019-10-15T03:04:25;encompassing;deposit Canadian Dollar Lebanon;44778;Dominican Republic Credit Card Account Handmade;Ergonomic transmitter;36778;47030;../fake-data/blob/hipster.png;image/png
9;63230;2019-10-14T04:42:26;2019-10-14T13:06:16;Solomon Islands Licensed;Gloves Bedfordshire Argentine Peso;85835;neural-net red;Buckinghamshire Future-proofed deposit;17436;94052;../fake-data/blob/hipster.png;image/png
10;69093;2019-10-14T18:46:03;2019-10-14T19:01:39;Creative Metal;bandwidth azure;54144;Fiji Dollar Profound Bacon;Macao Equatorial Guinea Vision-oriented;9310;96541;../fake-data/blob/hipster.png;image/png
